{
  "0,0,0,0": {
    "0": 0.0,
    "1": 0.0,
    "2": 0.0
  },
  "0,0,0,1": {
    "0": 154.39243745689564,
    "1": 28.410673739076337,
    "2": 9.896498572820189
  },
  "0,0,0,2": {
    "0": 0.0,
    "1": 0.0,
    "2": 0.0
  },
  "0,0,1,0": {
    "0": 155.15629672870278,
    "1": 111.2507287309722,
    "2": 207.07272785264627
  },
  "0,0,1,1": {
    "0": 152.70706509619325,
    "1": 76.46649464550516,
    "2": 174.39442217333502
  },
  "0,0,1,2": {
    "0": 113.79465448483154,
    "1": -6.218834893832679,
    "2": -9.514162242976095
  },
  "0,0,2,0": {
    "0": 77.53006146096891,
    "1": 69.66406578129441,
    "2": 171.63363772854512
  },
  "0,0,2,1": {
    "0": 68.03076731562368,
    "1": 56.43941688540576,
    "2": 195.9552608260163
  },
  "0,0,2,2": {
    "0": 0.0,
    "1": 1.3368154170398603,
    "2": 141.62506540949778
  },
  "0,0,3,0": {
    "0": 98.8734137527002,
    "1": 39.69686777718579,
    "2": 13.153054162140492
  },
  "0,0,3,1": {
    "0": 152.71554163062723,
    "1": 53.1791051843327,
    "2": 62.57293938720305
  },
  "0,0,3,2": {
    "0": 111.23578277715484,
    "1": 0.0,
    "2": -0.4519169189428274
  },
  "0,0,4,0": {
    "0": 76.98561843351568,
    "1": 43.035788471931184,
    "2": 133.0837149663986
  },
  "0,0,4,1": {
    "0": 78.37422651452206,
    "1": 46.29554191781296,
    "2": 141.93212166321658
  },
  "0,0,4,2": {
    "0": 43.89381513660053,
    "1": 0.0,
    "2": -13.139999999999999
  },
  "0,0,5,0": {
    "0": -17.886528048306076,
    "1": -16.383606967657997,
    "2": 132.96365518477322
  },
  "0,0,5,1": {
    "0": -36.52636184842781,
    "1": -12.072812558566142,
    "2": 143.76659677465338
  },
  "0,0,5,2": {
    "0": -4.527221194802776,
    "1": 0.0,
    "2": -10.136202950211242
  },
  "0,0,6,0": {
    "0": 8.535833269554473,
    "1": -32.440799798105076,
    "2": -41.614171503575044
  },
  "0,0,6,1": {
    "0": 72.56616655110754,
    "1": -18.145225939649613,
    "2": -4.825609933475665
  },
  "0,0,6,2": {
    "0": -7.1481470976,
    "1": -2.9352000000000005,
    "2": -9.4104
  },
  "0,1,0,0": {
    "0": 0.0,
    "1": 0.0,
    "2": 0.0
  },
  "0,1,0,1": {
    "0": 233.20836162679987,
    "1": 179.4278069204167,
    "2": 200.4733646828081
  },
  "0,1,0,2": {
    "0": 0.0,
    "1": 0.0,
    "2": 0.0
  },
  "0,1,1,0": {
    "0": 193.79371480174675,
    "1": 162.21210043684874,
    "2": 261.89597502851063
  },
  "0,1,1,1": {
    "0": 237.31733795050226,
    "1": 200.16000126162956,
    "2": 255.5457357474127
  },
  "0,1,1,2": {
    "0": 194.97883489866973,
    "1": 0.0,
    "2": -0.48840960000000005
  },
  "0,1,2,0": {
    "0": 70.61678436346995,
    "1": 103.58425380404434,
    "2": 206.30524543042645
  },
  "0,1,2,1": {
    "0": 171.1997826314977,
    "1": 133.43407772986174,
    "2": 215.2329118345824
  },
  "0,1,2,2": {
    "0": 0.0,
    "1": 0.0,
    "2": 197.8076751402055
  },
  "0,1,3,0": {
    "0": 118.56148773551732,
    "1": 180.4393218889106,
    "2": 53.46543965369456
  },
  "0,1,3,1": {
    "0": 199.4406889886676,
    "1": 152.51505315715417,
    "2": 170.36363556358322
  },
  "0,1,3,2": {
    "0": 0.0,
    "1": 0.0,
    "2": 152.95641181652505
  },
  "0,1,4,0": {
    "0": 140.724843148387,
    "1": 115.33584695355836,
    "2": 201.2455802477738
  },
  "0,1,4,1": {
    "0": 157.71654057620358,
    "1": 143.34511997576158,
    "2": 203.5615025890288
  },
  "0,1,4,2": {
    "0": 25.183039055525068,
    "1": 0.0,
    "2": 160.60522460775655
  },
  "0,1,5,0": {
    "0": 31.967387908369986,
    "1": 16.038478625467796,
    "2": 178.88564025069695
  },
  "0,1,5,1": {
    "0": 17.311697979522275,
    "1": 8.407500422988633,
    "2": 133.4497314912728
  },
  "0,1,5,2": {
    "0": 5.410364723038907,
    "1": 0.0,
    "2": -2.34
  },
  "0,1,6,0": {
    "0": 62.54785608658034,
    "1": 13.477368855856447,
    "2": -26.30168875607528
  },
  "0,1,6,1": {
    "0": 78.42278893031725,
    "1": 33.13624193048161,
    "2": 60.862839459057106
  },
  "0,1,6,2": {
    "0": 21.270847931572177,
    "1": 0.0,
    "2": -16.351008
  },
  "0,2,0,0": {
    "0": 0.0,
    "1": 0.0,
    "2": 0.0
  },
  "0,2,0,1": {
    "0": 91.99409961038171,
    "1": 233.6618323482303,
    "2": 64.72314564560278
  },
  "0,2,0,2": {
    "0": 0.0,
    "1": 0.0,
    "2": 0.0
  },
  "0,2,1,0": {
    "0": 0.0,
    "1": 0.0,
    "2": 0.0
  },
  "0,2,2,0": {
    "0": 0.0,
    "1": 48.51446419927219,
    "2": 0.0
  },
  "0,2,2,1": {
    "0": 22.233200394633275,
    "1": 0.0,
    "2": 169.73899158036906
  },
  "0,2,3,0": {
    "0": 84.836981859391,
    "1": 0.0,
    "2": -4.4399999999999995
  },
  "0,2,3,1": {
    "0": 26.490617582510172,
    "1": 0.0,
    "2": 193.16267822472452
  },
  "0,2,4,0": {
    "0": 0.0,
    "1": 0.0,
    "2": 162.9700450821706
  },
  "0,2,4,1": {
    "0": 0.0,
    "1": 16.308515405679117,
    "2": 253.9207325922196
  },
  "0,2,5,0": {
    "0": 0.0,
    "1": 0.0,
    "2": 59.3215860505845
  },
  "0,2,5,1": {
    "0": 0.0,
    "1": 0.0,
    "2": 148.7931222772832
  },
  "0,2,6,1": {
    "0": 0.0,
    "1": 0.0,
    "2": 15.194194519432168
  },
  "0,2,6,2": {
    "0": 0.0,
    "1": 0.0,
    "2": -1.3199999999999998
  },
  "1,0,0,0": {
    "0": 0.0,
    "1": 0.0,
    "2": 0.0
  },
  "1,0,0,1": {
    "0": 310.08412520070135,
    "1": 231.4961835087317,
    "2": 122.19383748728414
  },
  "1,0,0,2": {
    "0": 0.0,
    "1": 0.0,
    "2": 0.0
  },
  "1,0,1,0": {
    "0": 45.59775056186567,
    "1": 66.4260661275871,
    "2": 290.54202620461456
  },
  "1,0,1,1": {
    "0": 287.3034477566602,
    "1": 0.0,
    "2": 24.332822491774234
  },
  "1,0,1,2": {
    "0": 36.872802837353056,
    "1": 0.0,
    "2": 0.0
  },
  "1,0,2,0": {
    "0": 286.61042715713137,
    "1": 97.87944290935336,
    "2": 124.10660983162312
  },
  "1,0,2,1": {
    "0": 289.933464961354,
    "1": 297.1112790996766,
    "2": 261.35651118723763
  },
  "1,0,2,2": {
    "0": 100.73687855047196,
    "1": 304.5584423120624,
    "2": 28.92957462022805
  },
  "1,0,3,0": {
    "0": 291.4575056651098,
    "1": 151.22178468695625,
    "2": 128.77860916810167
  },
  "1,0,3,1": {
    "0": 281.1689477568871,
    "1": 262.98892024150933,
    "2": 236.9091126176972
  },
  "1,0,3,2": {
    "0": 288.72466825834834,
    "1": 31.0167696231415,
    "2": 0.0
  },
  "1,0,4,0": {
    "0": 215.8075074749635,
    "1": 13.147348671961637,
    "2": 16.597779227515847
  },
  "1,0,4,1": {
    "0": 223.48739594462302,
    "1": 17.48403762695096,
    "2": 10.2
  },
  "1,0,5,0": {
    "0": 183.84862902098834,
    "1": 211.65349353122576,
    "2": 273.1197431793681
  },
  "1,0,5,1": {
    "0": 218.96409131449747,
    "1": 224.26820762481765,
    "2": 272.2909410820057
  },
  "1,0,5,2": {
    "0": 168.30300173863424,
    "1": 0.0,
    "2": 0.0
  },
  "1,0,6,0": {
    "0": 96.12217050703481,
    "1": 39.219940607999995,
    "2": 22.19831131795376
  },
  "1,0,6,1": {
    "0": 210.5197652793344,
    "1": 277.32726661491415,
    "2": 199.6629598190066
  },
  "1,0,6,2": {
    "0": 104.2606930571764,
    "1": 14.664,
    "2": 11.09328
  },
  "1,1,0,0": {
    "0": 0.0,
    "1": 0.0,
    "2": 0.0
  },
  "1,1,0,1": {
    "0": 295.5337854462946,
    "1": 314.9148658969831,
    "2": 296.4058338000446
  },
  "1,1,0,2": {
    "0": 0.0,
    "1": 0.0,
    "2": 0.0
  },
  "1,1,1,0": {
    "0": 293.2162427344284,
    "1": 249.52631778201663,
    "2": 211.0416835078106
  },
  "1,1,1,1": {
    "0": 274.6292431740614,
    "1": 274.12295425006766,
    "2": 259.9114285081089
  },
  "1,1,1,2": {
    "0": 258.80330423057603,
    "1": 32.88163477637249,
    "2": 0.0
  },
  "1,1,2,0": {
    "0": 269.3282623626192,
    "1": 0.0,
    "2": 29.043578550599644
  },
  "1,1,2,1": {
    "0": 281.7732911975307,
    "1": 26.634474728786373,
    "2": 136.10289444378037
  },
  "1,1,2,2": {
    "0": 27.73775560978219,
    "1": 0.0,
    "2": 0.0
  },
  "1,1,3,0": {
    "0": 284.9011504718485,
    "1": 42.63335133214916,
    "2": 109.37513177264476
  },
  "1,1,3,1": {
    "0": 284.55628125582336,
    "1": 256.0901706768582,